"Description","JSON"
"In geniezone driver, there is a possible out of bounds read due to an incorrect bounds check. This could lead to local information disclosure with System execution privileges needed. User interaction is not needed for exploitation. Patch ID: ALPS05863009; Issue ID: ALPS05863009.","{""ROOTCAUSE"": ""incorrect bounds check"", ""WEAKNESS"": ""out of bounds read"", ""IMPACT"": ""local information disclosure"", ""VECTOR"": ""nan"", ""ATTACKER"": ""nan"", ""PRODUCT"": ""nan"", ""VERSION"": ""nan"", ""COMPONENT"": ""geniezone driver""}"
"In ccu driver, there is a possible out of bounds read due to an integer overflow. This could lead to local information disclosure with System execution privileges needed. User interaction is not needed for exploitation. Patch ID: ALPS05827154; Issue ID: ALPS05827154.","{""ROOTCAUSE"": ""integer overflow"", ""WEAKNESS"": ""out of bounds read"", ""IMPACT"": ""local information disclosure"", ""VECTOR"": ""nan"", ""ATTACKER"": ""nan"", ""PRODUCT"": ""nan"", ""VERSION"": ""nan"", ""COMPONENT"": ""ccu driver""}"
"In apusys, there is a possible out of bounds write due to a missing bounds check. This could lead to local escalation of privilege with System execution privileges needed. User interaction is not needed for exploitation. Patch ID: ALPS05672107; Issue ID: ALPS05722511.","{""ROOTCAUSE"": ""missing bounds check"", ""WEAKNESS"": ""out of bounds write"", ""IMPACT"": ""local escalation of privilege"", ""VECTOR"": ""nan"", ""ATTACKER"": ""nan"", ""PRODUCT"": ""nan"", ""VERSION"": ""nan"", ""COMPONENT"": ""apusys""}"
"In apusys, there is a possible memory corruption due to a missing bounds check. This could lead to local escalation of privilege with System execution privileges needed. User interaction is not needed for exploitation. Patch ID: ALPS05672107; Issue ID: ALPS05687781.","{""ROOTCAUSE"": ""missing bounds check"", ""WEAKNESS"": ""memory corruption"", ""IMPACT"": ""local escalation of privilege"", ""VECTOR"": ""nan"", ""ATTACKER"": ""nan"", ""PRODUCT"": ""nan"", ""VERSION"": ""nan"", ""COMPONENT"": ""apusys""}"
"In apusys, there is a possible out of bounds write due to a missing bounds check. This could lead to local escalation of privilege with System execution privileges needed. User interaction is not needed for exploitation. Patch ID: ALPS05672107; Issue ID: ALPS05672003.","{""ROOTCAUSE"": ""missing bounds check"", ""WEAKNESS"": ""out of bounds write"", ""IMPACT"": ""local escalation of privilege"", ""VECTOR"": ""nan"", ""ATTACKER"": ""nan"", ""PRODUCT"": ""nan"", ""VERSION"": ""nan"", ""COMPONENT"": ""apusys""}"
"In apusys, there is a possible out of bounds write due to a missing bounds check. This could lead to local escalation of privilege with System execution privileges needed. User interaction is not needed for exploitation. Patch ID: ALPS05672107; Issue ID: ALPS05671206.","{""ROOTCAUSE"": ""missing bounds check"", ""WEAKNESS"": ""out of bounds write"", ""IMPACT"": ""local escalation of privilege"", ""VECTOR"": ""nan"", ""ATTACKER"": ""nan"", ""PRODUCT"": ""nan"", ""VERSION"": ""nan"", ""COMPONENT"": ""apusys""}"
"In apusys, there is a possible out of bounds read due to an incorrect bounds check. This could lead to local information disclosure with System execution privileges needed. User interaction is not needed for exploitation. Patch ID: ALPS05672107; Issue ID: ALPS05672055.","{""ROOTCAUSE"": ""incorrect bounds check"", ""WEAKNESS"": ""out of bounds read"", ""IMPACT"": ""local information disclosure"", ""VECTOR"": ""nan"", ""ATTACKER"": ""nan"", ""PRODUCT"": ""nan"", ""VERSION"": ""nan"", ""COMPONENT"": ""apusys""}"
"In apusys, there is a possible out of bounds read due to an incorrect bounds check. This could lead to local information disclosure with System execution privileges needed. User interaction is not needed for exploitation. Patch ID: ALPS05672107; Issue ID: ALPS05656484.","{""ROOTCAUSE"": ""incorrect bounds check"", ""WEAKNESS"": ""out of bounds read"", ""IMPACT"": ""local information disclosure"", ""VECTOR"": ""nan"", ""ATTACKER"": ""nan"", ""PRODUCT"": ""nan"", ""VERSION"": ""nan"", ""COMPONENT"": ""apusys""}"
"In apusys, there is a possible out of bounds write due to a missing bounds check. This could lead to local escalation of privilege with System execution privileges needed. User interaction is not needed for exploitation. Patch ID: ALPS05672107; Issue ID: ALPS05656488.","{""ROOTCAUSE"": ""missing bounds check"", ""WEAKNESS"": ""out of bounds write"", ""IMPACT"": ""local escalation of privilege"", ""VECTOR"": ""nan"", ""ATTACKER"": ""nan"", ""PRODUCT"": ""nan"", ""VERSION"": ""nan"", ""COMPONENT"": ""apusys""}"
"In pf_write_buf of FuseDaemon.cpp, there is possible memory corruption due to a race condition. This could lead to local escalation of privilege with no additional execution privileges needed. User interaction is not needed for exploitation.Product: AndroidVersions: Android-11Android ID: A-192085766","{""ROOTCAUSE"": ""race condition"", ""WEAKNESS"": ""memory corruption"", ""IMPACT"": ""local escalation of privilege"", ""VECTOR"": ""nan"", ""ATTACKER"": ""nan"", ""PRODUCT"": ""Android"", ""VERSION"": ""Android-11"", ""COMPONENT"": ""pf_write_buf of FuseDaemon.cpp""}"
"In C2SoftMP3::process() of C2SoftMp3Dec.cpp, there is a possible out of bounds write due to a heap buffer overflow. This could lead to remote information disclosure with no additional execution privileges needed. User interaction is needed for exploitation.Product: AndroidVersions: Android-10 Android-11 Android-12 Android-9Android ID: A-193363621","{""ROOTCAUSE"": ""nan"", ""WEAKNESS"": [""heap buffer overflow"", ""out of bounds write""], ""IMPACT"": ""remote information disclosure"", ""VECTOR"": ""nan"", ""ATTACKER"": ""nan"", ""PRODUCT"": ""Android"", ""VERSION"": ""Android-10 Android-11 Android-12 Android-9"", ""COMPONENT"": ""C2SoftMP3::process() of C2SoftMp3Dec.cpp""}"
"In PVInitVideoEncoder of mp4enc_api.cpp, there is a possible out of bounds read due to a heap buffer overflow. This could lead to local information disclosure with no additional execution privileges needed. User interaction is not needed for exploitation.Product: AndroidVersions: Android-12Android ID: A-190435883","{""ROOTCAUSE"": ""nan"", ""WEAKNESS"": [""heap buffer overflow"", ""out of bounds read""], ""IMPACT"": ""local information disclosure"", ""VECTOR"": ""nan"", ""ATTACKER"": ""nan"", ""PRODUCT"": ""Android"", ""VERSION"": ""Android-12"", ""COMPONENT"": ""PVInitVideoEncoder of mp4enc_api.cpp""}"
"In valid_ipc_dram_addr of cm_access_control.c, there is a possible out of bounds read due to an integer overflow. This could lead to local information disclosure with System execution privileges needed. User interaction is not needed for exploitation.Product: AndroidVersions: Android kernelAndroid ID: A-197966306References: N/A","{""ROOTCAUSE"": ""nan"", ""WEAKNESS"": [""integer overflow"", ""out of bounds read""], ""IMPACT"": ""local information disclosure"", ""VECTOR"": ""nan"", ""ATTACKER"": ""nan"", ""PRODUCT"": ""Android"", ""VERSION"": ""Android kernel"", ""COMPONENT"": ""valid_ipc_dram_addr of cm_access_control.c""}"
"A Stack-based buffer overflow vulnerability in SMA100 Apache httpd server's mod_cgi module environment variables allows a remote unauthenticated attacker to potentially execute code as a 'nobody' user in the appliance. This vulnerability affected SMA 200, 210, 400, 410 and 500v appliances firmware 10.2.0.8-37sv, 10.2.1.1-19sv, 10.2.1.2-24sv and earlier versions.","{""ROOTCAUSE"": ""nan"", ""WEAKNESS"": ""Stack-based buffer overflow"", ""IMPACT"": ""potentially execute code as a 'nobody' user"", ""VECTOR"": ""nan"", ""ATTACKER"": ""remote unauthenticated attacker"", ""PRODUCT"": ""SMA100 Apache httpd server"", ""VERSION"": ""firmware 10.2.0.8-37sv, 10.2.1.1-19sv, 10.2.1.2-24sv and earlier versions"", ""COMPONENT"": ""mod_cgi module""}"
"A Heap-based buffer overflow vulnerability in SonicWall SMA100 getBookmarks method allows a remote authenticated attacker to potentially execute code as the nobody user in the appliance. This vulnerability affected SMA 200, 210, 400, 410 and 500v appliances.","{""ROOTCAUSE"": ""unchecked use of strcat"", ""WEAKNESS"": ""Heap-based buffer overflow"", ""IMPACT"": ""potentially execute code as the nobody user"", ""VECTOR"": ""nan"", ""ATTACKER"": ""remote authenticated attacker"", ""PRODUCT"": ""SonicWall SMA100"", ""VERSION"": ""nan"", ""COMPONENT"": ""getBookmarks method""}"
"A Stack-based buffer overflow in the SonicOS HTTP Content-Length response header allows a remote authenticated attacker to cause Denial of Service (DoS) and potentially results in code execution in the firewall. This vulnerability affected SonicOS Gen 5, Gen 6 and Gen 7 firmware versions.","{""ROOTCAUSE"": ""nan"", ""WEAKNESS"": ""Stack-based buffer overflow"", ""IMPACT"": [""unexpected application termination"", ""heap corruption""], ""VECTOR"": ""nan"", ""ATTACKER"": ""remote authenticated attacker"", ""PRODUCT"": ""SonicOS"", ""VERSION"": ""Gen 5, Gen 6 and Gen 7 firmware versions"", ""COMPONENT"": ""HTTP Content-Length response header""}"
"A Stack-based buffer overflow in the SonicOS SessionID HTTP response header allows a remote authenticated attacker to cause Denial of Service (DoS) and potentially results in code execution in the firewall. This vulnerability affected SonicOS Gen 5, Gen 6 and Gen 7 firmware versions.","{""ROOTCAUSE"": ""nan"", ""WEAKNESS"": ""Stack-based buffer overflow"", ""IMPACT"": [""Denial of Service (DoS)"", ""potentially results in code execution""], ""VECTOR"": ""nan"", ""ATTACKER"": ""remote authenticated attacker"", ""PRODUCT"": ""SonicOS"", ""VERSION"": ""Gen 5, Gen 6 and Gen 7 firmware versions"", ""COMPONENT"": ""SessionID HTTP response header""}"
"An out-of-bounds write vulnerability exists in the TIFF header count-processing functionality of Accusoft ImageGear 19.8. A specially crafted malformed file can lead to memory corruption. An attacker can provide a malicious file to trigger this vulnerability.","{""ROOTCAUSE"": ""missing null check for a size field"", ""WEAKNESS"": [""out-of-bounds write"", ""buffer overflow""], ""IMPACT"": ""memory corruption"", ""VECTOR"": ""specially crafted malformed file"", ""ATTACKER"": ""nan"", ""PRODUCT"": ""Accusoft ImageGear"", ""VERSION"": 19.8, ""COMPONENT"": ""TIFF header count-processing functionality""}"
"An out-of-bounds write vulnerability exists in the SGI Format Buffer Size Processing functionality of Accusoft ImageGear 19.8. A specially crafted malformed file can lead to memory corruption. An attacker can provide a malicious file to trigger this vulnerability.","{""ROOTCAUSE"": ""nan"", ""WEAKNESS"": ""out-of-bounds write"", ""IMPACT"": ""memory corruption"", ""VECTOR"": ""specially crafted malformed file"", ""ATTACKER"": ""nan"", ""PRODUCT"": ""Accusoft ImageGear"", ""VERSION"": 19.8, ""COMPONENT"": ""SGI Format Buffer Size Processing functionality""}"
"An out-of-bounds write vulnerability exists in the SGI format buffer size processing functionality of Accusoft ImageGear 19.8. A specially crafted malformed file can lead to memory corruption. An attacker can provide a malicious file to trigger this vulnerability.","{""ROOTCAUSE"": ""nan"", ""WEAKNESS"": ""out-of-bounds write"", ""IMPACT"": ""memory corruption"", ""VECTOR"": ""specially crafted malformed file"", ""ATTACKER"": ""nan"", ""PRODUCT"": ""Accusoft ImageGear"", ""VERSION"": 19.8, ""COMPONENT"": ""SGI format buffer size processing functionality""}"
"An out-of-bounds write vulnerability exists in the JPG sof_nb_comp header processing functionality of Accusoft ImageGear 19.8 and 19.9. A specially crafted malformed file can lead to memory corruption. An attacker can provide a malicious file to trigger this vulnerability.","{""ROOTCAUSE"": ""nan"", ""WEAKNESS"": ""out-of-bounds write"", ""IMPACT"": ""memory corruption"", ""VECTOR"": ""specially crafted malformed file"", ""ATTACKER"": ""nan"", ""PRODUCT"": ""Accusoft ImageGear"", ""VERSION"": ""19.8 and 19.9"", ""COMPONENT"": ""JPG sof_nb_comp header processing functionality""}"
"A memory corruption vulnerability exists in the ISO Parsing functionality of Disc Soft Ltd Deamon Tools Pro 8.3.0.0767. A specially crafted malformed file can lead to an out-of-bounds write. An attacker can provide a malicious file to trigger this vulnerability.","{""ROOTCAUSE"": ""nan"", ""WEAKNESS"": [""out-of-bounds write"", ""memory corruption""], ""IMPACT"": [""segmentation fault"", ""application crash""], ""VECTOR"": ""specially crafted malformed file"", ""ATTACKER"": ""nan"", ""PRODUCT"": ""Disc Soft Ltd Deamon Tools Pro"", ""VERSION"": ""8.3.0.0767"", ""COMPONENT"": ""ISO Parsing functionality""}"
"A stack-based buffer overflow vulnerability exists in the Web Manager SslGenerateCSR functionality of Lantronix PremierWave 2050 8.9.0.0R4 (in QEMU). A specially crafted HTTP request can lead to remote code execution. An attacker can make an authenticated HTTP request to trigger this vulnerability.","{""ROOTCAUSE"": ""nan"", ""WEAKNESS"": ""stack-based buffer overflow"", ""IMPACT"": ""remote code execution"", ""VECTOR"": ""specially crafted HTTP request"", ""ATTACKER"": ""nan"", ""PRODUCT"": ""Lantronix PremierWave 2050"", ""VERSION"": ""8.9.0.0R4 (in QEMU)"", ""COMPONENT"": ""Web Manager SslGenerateCSR functionality""}"
"A stack-based buffer overflow vulnerability exists in the Web Manager Ping functionality of Lantronix PremierWave 2050 8.9.0.0R4 (in QEMU). A specially crafted HTTP request can lead to remote code execution. An attacker can make an authenticated HTTP request to trigger this vulnerability.","{""ROOTCAUSE"": """", ""WEAKNESS"": ""stack-based buffer overflow"", ""IMPACT"": ""remote code execution"", ""VECTOR"": ""specially crafted HTTP request"", ""ATTACKER"": ""attacker"", ""PRODUCT"": ""Lantronix PremierWave 2050"", ""VERSION"": ""8.9.0.0R4"", ""COMPONENT"": ""Web Manager Ping functionality""}"
"A stack-based buffer overflow vulnerability exists in the Web Manager FsBrowseClean functionality of Lantronix PremierWave 2050 8.9.0.0R4 (in QEMU). A specially crafted HTTP request can lead to remote code execution in the vulnerable portion of the branch (deletedir). An attacker can make an authenticated HTTP request to trigger this vulnerability.","{""ROOTCAUSE"": """", ""WEAKNESS"": ""stack-based buffer overflow"", ""IMPACT"": ""remote code execution"", ""VECTOR"": ""specially crafted HTTP request"", ""ATTACKER"": ""attacker"", ""PRODUCT"": ""Lantronix PremierWave 2050"", ""VERSION"": ""8.9.0.0R4"", ""COMPONENT"": ""Web Manager FsBrowseClean functionality""}"
"A stack-based buffer overflow vulnerability exists in the Web Manager FsBrowseClean functionality of Lantronix PremierWave 2050 8.9.0.0R4 (in QEMU). A specially crafted HTTP request can lead to remote code execution in the vulnerable portion of the branch (deletefile). An attacker can make an authenticated HTTP request to trigger this vulnerability.","{""ROOTCAUSE"": """", ""WEAKNESS"": ""stack-based buffer overflow"", ""IMPACT"": ""remote code execution"", ""VECTOR"": ""specially crafted HTTP request"", ""ATTACKER"": ""attacker"", ""PRODUCT"": ""Lantronix PremierWave 2050"", ""VERSION"": ""8.9.0.0R4"", ""COMPONENT"": ""Web Manager FsBrowseClean functionality""}"
"A stack-based buffer overflow vulnerability exists in the Web Manager FsUnmount functionality of Lantronix PremierWave 2050 8.9.0.0R4 (in QEMU). A specially crafted HTTP request can lead to remote code execution. An attacker can make an authenticated HTTP request to trigger this vulnerability.","{""ROOTCAUSE"": """", ""WEAKNESS"": ""stack-based buffer overflow"", ""IMPACT"": ""remote code execution"", ""VECTOR"": ""specially crafted HTTP request"", ""ATTACKER"": ""attacker"", ""PRODUCT"": ""Lantronix PremierWave 2050"", ""VERSION"": ""8.9.0.0R4"", ""COMPONENT"": ""Web Manager FsUnmount functionality""}"
"A stack-based buffer overflow vulnerability exists in the CMA check_udp_crc function of Garrett Metal Detectors’ iC Module CMA Version 5.0. A specially-crafted packet can lead to a stack-based buffer overflow during a call to memcpy. An attacker can send a malicious packet to trigger this vulnerability.","{""ROOTCAUSE"": """", ""WEAKNESS"": ""stack-based buffer overflow"", ""IMPACT"": """", ""VECTOR"": ""specially-crafted packet"", ""ATTACKER"": """", ""PRODUCT"": ""Garrett Metal Detectors\\u2019 iC Module"", ""VERSION"": ""CMA Version 5.0"", ""COMPONENT"": ""CMA check_udp_crc function""}"
"A stack-based buffer overflow vulnerability exists in the CMA check_udp_crc function of Garrett Metal Detectors’ iC Module CMA Version 5.0. A specially-crafted packet can lead to a stack-based buffer overflow during a call to strcpy. An attacker can send a malicious packet to trigger this vulnerability.","{""ROOTCAUSE"": """", ""WEAKNESS"": ""stack-based buffer overflow"", ""IMPACT"": """", ""VECTOR"": ""specially-crafted packet"", ""ATTACKER"": """", ""PRODUCT"": ""Garrett Metal Detectors\\u2019 iC Module"", ""VERSION"": ""CMA Version 5.0"", ""COMPONENT"": ""CMA check_udp_crc function""}"
"Stack-based buffer overflow vulnerability exists in how the CMA readfile function of Garrett Metal Detectors iC Module CMA Version 5.0 is used at various locations. The Garrett iC Module exposes an authenticated CLI over TCP port 6877. This interface is used by a secondary GUI client, called “CMA Connect”, to interact with the iC Module on behalf of the user. After a client successfully authenticates, they can send plaintext commands to manipulate the device.","{""ROOTCAUSE"": """", ""WEAKNESS"": ""Stack-based buffer overflow"", ""IMPACT"": """", ""VECTOR"": """", ""ATTACKER"": ""attacker"", ""PRODUCT"": ""Garrett Metal Detectors iC Module"", ""VERSION"": ""CMA Version 5.0"", ""COMPONENT"": ""CMA readfile function""}"
"A heap-based buffer overflow vulnerability exists in the DecoderStream::Append functionality of Accusoft ImageGear 19.10. A specially-crafted file can lead to code execution. An attacker can provide a malicious file to trigger this vulnerability.","{""ROOTCAUSE"": """", ""WEAKNESS"": ""heap-based buffer overflow"", ""IMPACT"": ""code execution"", ""VECTOR"": ""specially-crafted file"", ""ATTACKER"": """", ""PRODUCT"": ""Accusoft ImageGear"", ""VERSION"": 19.1, ""COMPONENT"": ""DecoderStream::Append functionality""}"
"A heap-based buffer overflow vulnerability exists in the Palette box parser functionality of Accusoft ImageGear 19.10. A specially-crafted file can lead to code execution. An attacker can provide a malicious file to trigger this vulnerability.","{""ROOTCAUSE"": """", ""WEAKNESS"": ""heap-based buffer overflow"", ""IMPACT"": ""code execution"", ""VECTOR"": ""specially-crafted file"", ""ATTACKER"": """", ""PRODUCT"": ""Accusoft ImageGear"", ""VERSION"": 19.1, ""COMPONENT"": ""Palette box parser functionality""}"
"A heap-based buffer overflow vulnerability exists in the XWD parser functionality of Accusoft ImageGear 19.10. A specially-crafted file can lead to code execution. An attacker can provide a malicious file to trigger this vulnerability.","{""ROOTCAUSE"": """", ""WEAKNESS"": ""heap-based buffer overflow"", ""IMPACT"": ""code execution"", ""VECTOR"": ""specially-crafted file"", ""ATTACKER"": """", ""PRODUCT"": ""Accusoft ImageGear"", ""VERSION"": 19.1, ""COMPONENT"": ""XWD parser functionality""}"
"A heap-based buffer overflow vulnerability exists in the XWD parser functionality of Accusoft ImageGear 19.10. A specially-crafted file can lead to code execution. An attacker can provide a malicious file to trigger this vulnerability.","{""ROOTCAUSE"": """", ""WEAKNESS"": ""heap-based buffer overflow"", ""IMPACT"": ""code execution"", ""VECTOR"": ""specially-crafted file"", ""ATTACKER"": """", ""PRODUCT"": ""Accusoft ImageGear"", ""VERSION"": 19.1, ""COMPONENT"": ""XWD parser functionality""}"
"Two heap-based buffer overflow vulnerabilities exists in the JPEG-JFIF lossless Huffman image parser functionality of Accusoft ImageGear 19.10. A specially-crafted file can lead to a heap buffer overflow. An attacker can provide a malicious file to trigger these vulnerabilities.This heap-based buffer overflow takes place when the `SOF3` precision is greater or equal than 9.","{""ROOTCAUSE"": """", ""WEAKNESS"": ""heap-based buffer overflow"", ""IMPACT"": ""nan"", ""VECTOR"": ""specially-crafted file"", ""ATTACKER"": """", ""PRODUCT"": ""Accusoft ImageGear"", ""VERSION"": 19.1, ""COMPONENT"": ""JPEG-JFIF lossless Huffman image parser functionality""}"
"A heap-based buffer overflow vulnerability exists in the readDatHeadVec functionality of AnyCubic Chitubox AnyCubic Plugin 1.0.0. A specially-crafted GF file can lead to a heap buffer overflow. An attacker can provide a malicious file to trigger this vulnerability.","{""ROOTCAUSE"": """", ""WEAKNESS"": ""heap-based buffer overflow"", ""IMPACT"": ""nan"", ""VECTOR"": ""specially-crafted GF file"", ""ATTACKER"": """", ""PRODUCT"": ""AnyCubic Chitubox AnyCubic Plugin"", ""VERSION"": ""1.0.0"", ""COMPONENT"": ""readDatHeadVec functionality""}"
"An out-of-bounds write vulnerability exists in the CMD_DEVICE_GET_SERVER_LIST_REQUEST functionality of the home_security binary of Anker Eufy Homebase 2 2.1.6.9h in function recv_server_device_response_msg_process. A specially-crafted network packet can lead to code execution.","{""ROOTCAUSE"": """", ""WEAKNESS"": ""out-of-bounds write"", ""IMPACT"": ""code execution"", ""VECTOR"": ""specially-crafted network packet"", ""ATTACKER"": """", ""PRODUCT"": ""Anker Eufy Homebase 2"", ""VERSION"": ""2.1.6.9h"", ""COMPONENT"": ""CMD_DEVICE_GET_SERVER_LIST_REQUEST functionality of the home_security binary""}"
"An out-of-bounds write vulnerability exists in the CMD_DEVICE_GET_SERVER_LIST_REQUEST functionality of the home_security binary of Anker Eufy Homebase 2 2.1.6.9h in function read_udp_push_config_file. A specially-crafted network packet can lead to code execution.","{""ROOTCAUSE"": """", ""WEAKNESS"": ""out-of-bounds write"", ""IMPACT"": ""code execution"", ""VECTOR"": ""specially-crafted network packet"", ""ATTACKER"": """", ""PRODUCT"": ""Anker Eufy Homebase 2"", ""VERSION"": ""2.1.6.9h"", ""COMPONENT"": ""CMD_DEVICE_GET_SERVER_LIST_REQUEST functionality of the home_security binary""}"
"A stack-based buffer overflow vulnerability exists in both the LLMNR functionality of Sealevel Systems, Inc. SeaConnect 370W v1.3.34. A specially-crafted network packet can lead to remote code execution. An attacker can send a malicious packet to trigger this vulnerability.","{""ROOTCAUSE"": """", ""WEAKNESS"": ""stack-based buffer overflow"", ""IMPACT"": ""remote code execution"", ""VECTOR"": ""specially-crafted network packet"", ""ATTACKER"": """", ""PRODUCT"": ""Sealevel Systems Inc. SeaConnect 370W"", ""VERSION"": ""v1.3.34"", ""COMPONENT"": ""LLMNR functionality""}"
"A stack-based buffer overflow vulnerability exists in the NBNS functionality of Sealevel Systems, Inc. SeaConnect 370W v1.3.34. A specially-crafted network packet can lead to remote code execution. An attacker can send a malicious packet to trigger this vulnerability.","{""ROOTCAUSE"": """", ""WEAKNESS"": ""stack-based buffer overflow"", ""IMPACT"": ""remote code execution"", ""VECTOR"": ""specially-crafted network packet"", ""ATTACKER"": """", ""PRODUCT"": ""Sealevel Systems Inc. SeaConnect 370W"", ""VERSION"": ""v1.3.34"", ""COMPONENT"": ""NBNS functionality""}"
"A heap-based buffer overflow vulnerability exists in the OTA Update u-download functionality of Sealevel Systems, Inc. SeaConnect 370W v1.3.34. A series of specially-crafted MQTT payloads can lead to remote code execution. An attacker must perform a man-in-the-middle attack in order to trigger this vulnerability.","{""ROOTCAUSE"": """", ""WEAKNESS"": ""heap-based buffer overflow"", ""IMPACT"": ""remote code execution"", ""VECTOR"": ""series of specially-crafted MQTT payloads"", ""ATTACKER"": """", ""PRODUCT"": ""Sealevel Systems Inc. SeaConnect 370W"", ""VERSION"": ""v1.3.34"", ""COMPONENT"": ""OTA Update u-download functionality""}"
"There is a software integer overflow leading to a TOCTOU condition in smartphones. Successful exploitation of this vulnerability may cause random address access.","{""ROOTCAUSE"": ""nan"", ""WEAKNESS"": ""software integer overflow"", ""IMPACT"": [""random address access"", ""TOCTOU condition""], ""VECTOR"": """", ""ATTACKER"": """", ""PRODUCT"": ""smartphones"", ""VERSION"": """", ""COMPONENT"": ""nan""}"
"WECON LeviStudioU Versions 2019-09-21 and prior are vulnerable to a stack-based buffer overflow, which may allow an attacker to remotely execute code.","{""ROOTCAUSE"": """", ""WEAKNESS"": ""stack-based buffer overflow"", ""IMPACT"": ""remotely execute code"", ""VECTOR"": """", ""ATTACKER"": ""nan"", ""PRODUCT"": ""WECON LeviStudioU"", ""VERSION"": ""Versions 2019-09-21 and prior"", ""COMPONENT"": ""nan""}"
"WECON LeviStudioU Versions 2019-09-21 and prior are vulnerable to a heap-based buffer overflow, which may allow an attacker to remotely execute code.","{""ROOTCAUSE"": """", ""WEAKNESS"": ""heap-based buffer overflow"", ""IMPACT"": ""remotely execute code"", ""VECTOR"": """", ""ATTACKER"": ""nan"", ""PRODUCT"": ""WECON LeviStudioU"", ""VERSION"": ""Versions 2019-09-21 and prior"", ""COMPONENT"": ""nan""}"
"A flaw was found in htmldoc in v1.9.12. Double-free in function pspdf_export(),in ps-pdf.cxx may result in a write-what-where condition, allowing an attacker to execute arbitrary code and denial of service.","{""ROOTCAUSE"": ""Double-free"", ""WEAKNESS"": """", ""IMPACT"": [""write-what-where condition"", ""denial of service""], ""VECTOR"": """", ""ATTACKER"": ""nan"", ""PRODUCT"": ""htmldoc"", ""VERSION"": ""v1.9.12"", ""COMPONENT"": ""ps-pdf.cxx""}"
"A flaw was found in htmldoc before v1.9.12. Heap buffer overflow in pspdf_prepare_outpages(), in ps-pdf.cxx may lead to execute arbitrary code and denial of service.","{""ROOTCAUSE"": ""nan"", ""WEAKNESS"": ""Heap buffer overflow"", ""IMPACT"": [""execute arbitrary code"", ""denial of service""], ""VECTOR"": """", ""ATTACKER"": """", ""PRODUCT"": ""htmldoc"", ""VERSION"": ""before v1.9.12"", ""COMPONENT"": ""ps-pdf.cxx""}"
"A heap-buffer overflow was found in the copyIntoFrameBuffer function of OpenEXR in versions before 3.0.1. An attacker could use this flaw to execute arbitrary code with the permissions of the user running the application compiled against OpenEXR.","{""ROOTCAUSE"": ""nan"", ""WEAKNESS"": ""heap-buffer overflow"", ""IMPACT"": ""execute arbitrary code"", ""VECTOR"": """", ""ATTACKER"": """", ""PRODUCT"": ""OpenEXR"", ""VERSION"": ""before 3.0.1"", ""COMPONENT"": ""copyIntoFrameBuffer function""}"
"A flaw was found in htmldoc in v1.9.12 and prior. A stack buffer overflow in parse_table() in ps-pdf.cxx may lead to execute arbitrary code and denial of service.","{""ROOTCAUSE"": ""nan"", ""WEAKNESS"": ""stack buffer overflow"", ""IMPACT"": [""execute arbitrary code"", ""denial of service""], ""VECTOR"": """", ""ATTACKER"": """", ""PRODUCT"": ""htmldoc"", ""VERSION"": ""v1.9.12 and prior"", ""COMPONENT"": ""ps-pdf.cxx""}"
"A buffer underwrite vulnerability in the firmware verification routine of FortiOS before 7.0.1 may allow an attacker located in the adjacent network to potentially execute arbitrary code via a specifically crafted firmware image.","{""ROOTCAUSE"": ""nan"", ""WEAKNESS"": ""buffer underwrite"", ""IMPACT"": ""execute arbitrary code"", ""VECTOR"": ""specifically crafted firmware image"", ""ATTACKER"": ""attacker located in the adjacent network"", ""PRODUCT"": ""FortiOS"", ""VERSION"": ""before 7.0.1"", ""COMPONENT"": ""firmware verification routine""}"
"Multiple stack-based buffer overflow vulnerabilities [CWE-121] both in network daemons and in the command line interpreter of FortiWAN before 4.5.9 may allow an unauthenticated attacker to potentially corrupt control data in memory and execute arbitrary code via specifically crafted requests.","{""ROOTCAUSE"": ""nan"", ""WEAKNESS"": ""stack-based buffer overflow"", ""IMPACT"": [""potentially corrupt control data in memory"", ""execute arbitrary code""], ""VECTOR"": ""specifically crafted requests"", ""ATTACKER"": ""unauthenticated attacker"", ""PRODUCT"": ""FortiWAN"", ""VERSION"": ""before 4.5.9"", ""COMPONENT"": ""network daemons and command line interpreter""}"
"A flaw was found in htmldoc in v1.9.12. Heap buffer overflow in pspdf_prepare_page(),in ps-pdf.cxx may lead to execute arbitrary code and denial of service.","{""ROOTCAUSE"": ""nan"", ""WEAKNESS"": ""Heap buffer overflow"", ""IMPACT"": ""nan"", ""VECTOR"": ""nan"", ""ATTACKER"": ""nan"", ""PRODUCT"": ""htmldoc"", ""VERSION"": ""v1.9.12"", ""COMPONENT"": ""pspdf_prepare_page() in ps-pdf.cxx""}"
"A flaw was found in htmldoc in v1.9.12. Heap buffer overflow in render_table_row(),in ps-pdf.cxx may lead to arbitrary code execution and denial of service.","{""ROOTCAUSE"": ""nan"", ""WEAKNESS"": ""Heap buffer overflow"", ""IMPACT"": [""potentially corrupt control data in memory"", ""execute arbitrary code""], ""VECTOR"": ""nan"", ""ATTACKER"": ""nan"", ""PRODUCT"": ""htmldoc"", ""VERSION"": ""v1.9.12"", ""COMPONENT"": ""render_table_row() in ps-pdf.cxx""}"
"Failure to validate the integer operand in ASP (AMD Secure Processor) bootloader may allow an attacker to introduce an integer overflow in the L2 directory table in SPI flash resulting in a potential denial of service.","{""ROOTCAUSE"": ""Failure to validate the integer operand"", ""WEAKNESS"": ""integer overflow"", ""IMPACT"": ""potential denial of service"", ""VECTOR"": ""nan"", ""ATTACKER"": ""nan"", ""PRODUCT"": ""ASP (AMD Secure Processor)"", ""VERSION"": ""nan"", ""COMPONENT"": ""bootloader""}"
"A malformed SMI (System Management Interface) command may allow an attacker to establish a corrupted SMI Trigger Info data structure, potentially leading to out-of-bounds memory reads and writes when triggering an SMI resulting in a potential loss of resources.","{""ROOTCAUSE"": ""nan"", ""WEAKNESS"": ""out-of-bounds memory reads and writes"", ""IMPACT"": ""potential loss of resources"", ""VECTOR"": ""malformed SMI command"", ""ATTACKER"": ""nan"", ""PRODUCT"": ""nan"", ""VERSION"": ""nan"", ""COMPONENT"": ""SMI (System Management Interface)""}"
"A malicious or compromised UApp or ABL may be used by an attacker to issue a malformed system call to the Stage 2 Bootloader potentially leading to corrupt memory and code execution.","{""ROOTCAUSE"": ""nan"", ""WEAKNESS"": ""corrupt memory"", ""IMPACT"": ""code execution"", ""VECTOR"": ""malformed system call"", ""ATTACKER"": ""nan"", ""PRODUCT"": ""nan"", ""VERSION"": ""nan"", ""COMPONENT"": ""Stage 2 Bootloader""}"
"Stack-based buffer overflow vulnerability in frontend/main.c in faad2 before 2.2.7.1 allow local attackers to execute arbitrary code via filename and pathname options.","{""ROOTCAUSE"": ""nan"", ""WEAKNESS"": ""Stack-based buffer overflow"", ""IMPACT"": ""execute arbitrary code"", ""VECTOR"": ""filename and pathname options"", ""ATTACKER"": ""local attackers"", ""PRODUCT"": ""faad2"", ""VERSION"": ""before 2.2.7.1"", ""COMPONENT"": ""frontend/main.c""}"
"In the code that verifies the file size in the ark library, it is possible to manipulate the offset read from the target file due to the wrong use of the data type. An attacker could use this vulnerability to cause a stack buffer overflow and as a result, perform an attack such as remote code execution.","{""ROOTCAUSE"": ""wrong use of the data type"", ""WEAKNESS"": ""stack buffer overflow"", ""IMPACT"": ""remote code execution"", ""VECTOR"": ""nan"", ""ATTACKER"": ""nan"", ""PRODUCT"": ""ark library"", ""VERSION"": ""nan"", ""COMPONENT"": ""nan""}"
"Multiple command injections and stack-based buffer overflows vulnerabilities in the SubNet_handler_func function of spx_restservice allow an attacker to execute arbitrary code with the same privileges as the server user (root). This issue affects: Lanner Inc IAC-AST2500A standard firmware version 1.10.0.","{""ROOTCAUSE"": ""nan"", ""WEAKNESS"": [""command injections"", ""stack-based buffer overflows""], ""IMPACT"": ""execute arbitrary code with the same privileges as the server user (root)"", ""VECTOR"": ""nan"", ""ATTACKER"": ""nan"", ""PRODUCT"": ""Lanner Inc IAC-AST2500A"", ""VERSION"": ""standard firmware version 1.10.0"", ""COMPONENT"": ""SubNet_handler_func function of spx_restservice""}"
"Command injection and stack-based buffer overflow vulnerabilities in the KillDupUsr_func function of spx_restservice allow an attacker to execute arbitrary code with the same privileges as the server user (root). This issue affects: Lanner Inc IAC-AST2500A standard firmware version 1.10.0.","{""ROOTCAUSE"": ""nan"", ""WEAKNESS"": [""command injection"", ""stack-based buffer overflows""], ""IMPACT"": ""execute arbitrary code with the same privileges as the server user (root)"", ""VECTOR"": ""nan"", ""ATTACKER"": ""nan"", ""PRODUCT"": ""Lanner Inc IAC-AST2500A"", ""VERSION"": ""standard firmware version 1.10.0"", ""COMPONENT"": ""KillDupUsr_func function of spx_restservice""}"
"Command injection and multiple stack-based buffer overflows vulnerabilities in the Login_handler_func function of spx_restservice allow an attacker to execute arbitrary code with the same privileges as the server user (root). This issue affects: Lanner Inc IAC-AST2500A standard firmware version 1.10.0.","{""ROOTCAUSE"": ""nan"", ""WEAKNESS"": [""command injection"", ""stack-based buffer overflows""], ""IMPACT"": ""execute arbitrary code with the same privileges as the server user (root)"", ""VECTOR"": ""nan"", ""ATTACKER"": ""nan"", ""PRODUCT"": ""Lanner Inc IAC-AST2500A"", ""VERSION"": ""standard firmware version 1.10.0"", ""COMPONENT"": ""Login_handler_func function of spx_restservice""}"
"A stack-based buffer overflow vulnerability in a subfunction of the Login_handler_func function of spx_restservice allows an attacker to execute arbitrary code with the same privileges as the server user (root). This issue affects: Lanner Inc IAC-AST2500A standard firmware version 1.10.0.","{""ROOTCAUSE"": ""nan"", ""WEAKNESS"": ""stack-based buffer overflow"", ""IMPACT"": ""execute arbitrary code with the same privileges as the server user (root)"", ""VECTOR"": ""nan"", ""ATTACKER"": ""nan"", ""PRODUCT"": ""Lanner Inc IAC-AST2500A"", ""VERSION"": ""standard firmware version 1.10.0"", ""COMPONENT"": ""subfunction of the Login_handler_func function of spx_restservice""}"
"Command injection and multiple stack-based buffer overflows vulnerabilities in the modifyUserb_func function of spx_restservice allow an attacker to execute arbitrary code with the same privileges as the server user (root). This issue affects: Lanner Inc IAC-AST2500A standard firmware version 1.10.0.","{""ROOTCAUSE"": ""nan"", ""WEAKNESS"": [""Command injection"", ""stack-based buffer overflows""], ""IMPACT"": ""execute arbitrary code with the same privileges as the server user (root)"", ""VECTOR"": ""nan"", ""ATTACKER"": ""nan"", ""PRODUCT"": ""Lanner Inc IAC-AST2500A"", ""VERSION"": ""standard firmware version 1.10.0"", ""COMPONENT"": ""modifyUserb_func function of spx_restservice""}"
"LibreDWG v0.12.3 was discovered to contain a heap-buffer overflow via decode_preR13.","{""ROOTCAUSE"": ""nan"", ""WEAKNESS"": ""heap-buffer overflow"", ""IMPACT"": ""nan"", ""VECTOR"": ""nan"", ""ATTACKER"": ""nan"", ""PRODUCT"": ""LibreDWG"", ""VERSION"": ""v0.12.3"", ""COMPONENT"": ""decode_preR13""}"
"A Heap-based Buffer Overflow vulnerabilty exists in jhead 3.04 and 3.05 is affected by: Buffer Overflow via the RemoveUnknownSections function in jpgfile.c.","{""ROOTCAUSE"": ""nan"", ""WEAKNESS"": ""Heap-based Buffer Overflow"", ""IMPACT"": ""nan"", ""VECTOR"": ""nan"", ""ATTACKER"": ""nan"", ""PRODUCT"": ""jhead"", ""VERSION"": ""3.04 and 3.05"", ""COMPONENT"": ""RemoveUnknownSections function in jpgfile.c""}"
"A Heap-based Buffer Overflow vulnerability exists in jhead 3.04 and 3.05 via the RemoveSectionType function in jpgfile.c.","{""ROOTCAUSE"": ""nan"", ""WEAKNESS"": ""Heap-based Buffer Overflow"", ""IMPACT"": ""nan"", ""VECTOR"": ""nan"", ""ATTACKER"": ""nan"", ""PRODUCT"": ""jhead"", ""VERSION"": ""3.04 and 3.05"", ""COMPONENT"": ""RemoveSectionType function in jpgfile.c""}"
"TensorFlow is an end-to-end open source platform for machine learning. An attacker can trigger undefined behavior by binding to null pointer in `tf.raw_ops.ParameterizedTruncatedNormal`. This is because the implementation(https://github.com/tensorflow/tensorflow/blob/3f6fe4dfef6f57e768260b48166c27d148f3015f/tensorflow/core/kernels/parameterized_truncated_normal_op.cc#L630) does not validate input arguments before accessing the first element of `shape`. If `shape` argument is empty, then `shape_tensor.flat<T>()` is an empty array. The fix will be included in TensorFlow 2.5.0. We will also cherrypick this commit on TensorFlow 2.4.2, TensorFlow 2.3.3, TensorFlow 2.2.3 and TensorFlow 2.1.4, as these are also affected and still in supported range.","{""ROOTCAUSE"": ""does not validate input arguments before accessing the first element"", ""WEAKNESS"": ""nan"", ""IMPACT"": ""undefined behavior"", ""VECTOR"": ""nan"", ""ATTACKER"": ""nan"", ""PRODUCT"": ""TensorFlow"", ""VERSION"": ""2.5.0, 2.4.2, 2.3.3, 2.2.3 and 2.1.4"", ""COMPONENT"": ""tf.raw_ops.ParameterizedTruncatedNormal""}"
"Possible buffer overflow due to lack of range check while processing a DIAG command for COEX management in Snapdragon Auto, Snapdragon Compute, Snapdragon Consumer IOT, Snapdragon Industrial IOT, Snapdragon Mobile, Snapdragon Voice & Music, Snapdragon Wearables","{""ROOTCAUSE"": ""lack of range check"", ""WEAKNESS"": ""buffer overflow"", ""IMPACT"": ""nan"", ""VECTOR"": ""nan"", ""ATTACKER"": ""nan"", ""PRODUCT"": ""Snapdragon"", ""VERSION"": ""nan"", ""COMPONENT"": ""DIAG command for COEX management""}"
"Possible heap overflow due to lack of index validation before allocating and writing to heap buffer in Snapdragon Auto, Snapdragon Compute, Snapdragon Connectivity, Snapdragon Industrial IOT, Snapdragon Mobile","{""ROOTCAUSE"": ""lack of index validation before allocating and writing to heap buffer"", ""WEAKNESS"": ""heap overflow"", ""IMPACT"": ""nan"", ""VECTOR"": ""nan"", ""ATTACKER"": ""nan"", ""PRODUCT"": ""Snapdragon"", ""VERSION"": ""nan"", ""COMPONENT"": ""nan""}"
"Improper access control sequence for AC database after memory allocation can lead to possible memory corruption in Snapdragon Auto, Snapdragon Compute, Snapdragon Connectivity, Snapdragon Consumer IOT, Snapdragon Industrial IOT, Snapdragon Voice & Music, Snapdragon Wearables, Snapdragon Wired Infrastructure and Networking","{""ROOTCAUSE"": ""Improper access control sequence"", ""WEAKNESS"": ""memory corruption"", ""IMPACT"": ""nan"", ""VECTOR"": ""nan"", ""ATTACKER"": ""nan"", ""PRODUCT"": ""Snapdragon"", ""VERSION"": ""nan"", ""COMPONENT"": ""AC database""}"
"Lack of MBN header size verification against input buffer can lead to memory corruption in Snapdragon Auto, Snapdragon Compute, Snapdragon Connectivity, Snapdragon Consumer IOT, Snapdragon Industrial IOT, Snapdragon Wearables","{""ROOTCAUSE"": ""Lack of header size verification against input buffer"", ""WEAKNESS"": ""memory corruption"", ""IMPACT"": ""nan"", ""VECTOR"": ""nan"", ""ATTACKER"": ""nan"", ""PRODUCT"": ""Snapdragon"", ""VERSION"": ""nan"", ""COMPONENT"": ""MBN header""}"
"A race condition was addressed with improved locking. This issue is fixed in macOS Monterey 12.1, Security Update 2021-008 Catalina, macOS Big Sur 11.6.2. A remote attacker may be able to cause unexpected application termination or heap corruption.","{""ROOTCAUSE"": ""nan"", ""WEAKNESS"": ""race condition"", ""IMPACT"": ""unexpected application termination or heap corruption"", ""VECTOR"": ""nan"", ""ATTACKER"": ""remote attacker"", ""PRODUCT"": ""macOS"", ""VERSION"": ""macOS Monterey 12.1, Security Update 2021-008 Catalina, macOS Big Sur 11.6.2"", ""COMPONENT"": ""nan""}"
"In Boa, there is a possible escalation of privilege due to a stack buffer overflow. This could lead to remote escalation of privilege from a proximal attacker with no additional execution privileges needed. User interaction is not needed for exploitation. Patch ID: A20210008; Issue ID: OSBNB00123241.","{""ROOTCAUSE"": ""nan"", ""WEAKNESS"": ""stack buffer overflow"", ""IMPACT"": ""remote escalation of privilege"", ""VECTOR"": ""nan"", ""ATTACKER"": ""proximal attacker"", ""PRODUCT"": ""Boa"", ""VERSION"": ""nan"", ""COMPONENT"": ""nan""}"
"A vulnerability has been identified in APOGEE MBC (PPC) (BACnet) (All versions), APOGEE MBC (PPC) (P2 Ethernet) (All versions), APOGEE MEC (PPC) (BACnet) (All versions), APOGEE MEC (PPC) (P2 Ethernet) (All versions), APOGEE PXC Compact (BACnet) (All versions < V3.5.4), APOGEE PXC Compact (P2 Ethernet) (All versions < V2.8.19), APOGEE PXC Modular (BACnet) (All versions < V3.5.4), APOGEE PXC Modular (P2 Ethernet) (All versions < V2.8.19), Capital VSTAR (All versions with enabled Ethernet options), Desigo PXC00-E.D (All versions >= V2.3 and < V6.30.016), Desigo PXC00-U (All versions >= V2.3 and < V6.30.016), Desigo PXC001-E.D (All versions >= V2.3 and < V6.30.016), Desigo PXC100-E.D (All versions >= V2.3 and < V6.30.016), Desigo PXC12-E.D (All versions >= V2.3 and < V6.30.016), Desigo PXC128-U (All versions >= V2.3 and < V6.30.016), Desigo PXC200-E.D (All versions >= V2.3 and < V6.30.016), Desigo PXC22-E.D (All versions >= V2.3 and < V6.30.016), Desigo PXC22.1-E.D (All versions >= V2.3 and < V6.30.016), Desigo PXC36.1-E.D (All versions >= V2.3 and < V6.30.016), Desigo PXC50-E.D (All versions >= V2.3 and < V6.30.016), Desigo PXC64-U (All versions >= V2.3 and < V6.30.016), Desigo PXM20-E (All versions >= V2.3 and < V6.30.016), Nucleus NET (All versions), Nucleus ReadyStart V3 (All versions < V2017.02.4), Nucleus Source Code (All versions), TALON TC Compact (BACnet) (All versions < V3.5.4), TALON TC Modular (BACnet) (All versions < V3.5.4). The DHCP client application assumes that the data supplied with the “Hostname” DHCP option is NULL terminated. In cases when global hostname variable is not defined, this may lead to Out-of-bound reads, writes, and Denial-of-service conditions. (FSMD-2021-0014)","{""ROOTCAUSE"": ""assumes that the data supplied with the Hostname DHCP option is NULL terminated"", ""WEAKNESS"": ""Out-of-bound reads, writes"", ""IMPACT"": ""Denial-of-service"", ""VECTOR"": ""nan"", ""ATTACKER"": ""nan"", ""PRODUCT"": ""DHCP client application"", ""VERSION"": ""nan"", ""COMPONENT"": ""nan""}"
"It may be possible to have an extremely long aggregation pipeline in conjunction with a specific stage/operator and cause a stack overflow due to the size of the stack frames used by that stage. If an attacker could cause such an aggregation to occur, they could maliciously crash MongoDB in a DoS attack. This vulnerability affects MongoDB Server v4.4 versions prior to and including 4.4.28, MongoDB Server v5.0 versions prior to 5.0.4 and MongoDB Server v4.2 versions prior to 4.2.16. Workaround: >= v4.2.16 users and all v4.4 users can add the --setParameter internalPipelineLengthLimit=50 instead of the default 1000 to mongod at startup to prevent a crash. ","{""ROOTCAUSE"": ""size of the stack frames"", ""WEAKNESS"": ""stack overflow"", ""IMPACT"": ""crash MongoDB"", ""VECTOR"": ""extremely long aggregation pipeline"", ""ATTACKER"": ""nan"", ""PRODUCT"": ""MongoDB Server"", ""VERSION"": ""v4.4 prior to and including 4.4.28, v5.0 prior to 5.0.4, v4.2 prior to 4.2.16"", ""COMPONENT"": ""aggregation pipeline""}"
"Stack-based buffer overflow in the function get_key in parse.c of abcm2ps v8.14.11 allows remote attackers to cause a Denial of Service (DoS) via unspecified vectors.","{""ROOTCAUSE"": ""nan"", ""WEAKNESS"": ""Stack-based buffer overflow"", ""IMPACT"": ""Denial of Service (DoS)"", ""VECTOR"": ""unspecified vectors"", ""ATTACKER"": ""remote attackers"", ""PRODUCT"": ""abcm2ps"", ""VERSION"": ""v8.14.11"", ""COMPONENT"": ""function get_key in parse.c""}"
"HyperKit is a toolkit for embedding hypervisor capabilities in an application. In versions 0.20210107 and prior of HyperKit, the implementation of `qnotify` at `pci_vtrnd_notify` fails to check the return value of `vq_getchain`. This leads to `struct iovec iov;` being uninitialized and used to read memory in `len = (int) read(sc->vrsc_fd, iov.iov_base, iov.iov_len);` when an attacker is able to make `vq_getchain` fail. This issue may lead to a guest crashing the host causing a denial of service and, under certain circumstance, memory corruption. This issue is fixed in commit 41272a980197917df8e58ff90642d14dec8fe948.","{""ROOTCAUSE"": ""Fails to check the return value"", ""WEAKNESS"": ""uninitialized memory use"", ""IMPACT"": [""guest crashing the host"", ""denial of service"", ""memory corruption""], ""VECTOR"": ""nan"", ""ATTACKER"": ""nan"", ""PRODUCT"": ""HyperKit"", ""VERSION"": ""0.20210107 and prior"", ""COMPONENT"": ""qnotify at pci_vtrnd_notify""}"
"HyperKit is a toolkit for embedding hypervisor capabilities in an application. In versions 0.20210107, function `pci_vtsock_proc_tx` in `virtio-sock` can lead to to uninitialized memory use. In this situation, there is a check for the return value to be less or equal to `VTSOCK_MAXSEGS`, but that check is not sufficient because the function can return `-1` if it finds an error it cannot recover from. Moreover, the negative return value will be used by `iovec_pull` in a while condition that can further lead to more corruption because the function is not designed to handle a negative `iov_len`. This issue may lead to a guest crashing the host causing a denial of service and, under certain circumstance, memory corruption. This issue is fixed in commit af5eba2360a7351c08dfd9767d9be863a50ebaba.","{""ROOTCAUSE"": ""function can return -1 if it finds an error it cannot recover from"", ""WEAKNESS"": ""uninitialized memory use"", ""IMPACT"": [""potentially corrupt control data in memory"", ""execute arbitrary code""], ""VECTOR"": ""nan"", ""ATTACKER"": ""nan"", ""PRODUCT"": ""HyperKit"", ""VERSION"": 0.20210107, ""COMPONENT"": ""function pci_vtsock_proc_tx in virtio-sock""}"
"Annke N48PBB (Network Video Recorder) products of version 3.4.106 build 200422 and prior are vulnerable to a stack-based buffer overflow, which allows an unauthorized remote attacker to execute arbitrary code with the same privileges as the server user (root).","{""ROOTCAUSE"": ""nan"", ""WEAKNESS"": ""stack-based buffer overflow"", ""IMPACT"": ""execute arbitrary code with the same privileges as the server user (root)"", ""VECTOR"": ""nan"", ""ATTACKER"": ""unauthorized remote attacker"", ""PRODUCT"": ""Annke N48PBB (Network Video Recorder)"", ""VERSION"": ""3.4.106 build 200422 and prior"", ""COMPONENT"": ""nan""}"
"A stack-based buffer overflow vulnerability in Delta Electronics DOPSoft Version 4.00.11 and prior may be exploited by processing a specially crafted project file, which may allow an attacker to execute arbitrary code.","{""ROOTCAUSE"": ""nan"", ""WEAKNESS"": ""stack-based buffer overflow"", ""IMPACT"": ""execute arbitrary code"", ""VECTOR"": ""processing a specially crafted project file"", ""ATTACKER"": ""nan"", ""PRODUCT"": ""Delta Electronics DOPSoft"", ""VERSION"": ""4.00.11 and prior"", ""COMPONENT"": ""nan""}"
"An issue was discovered in mjs (mJS: Restricted JavaScript engine), ES6 (JavaScript version 6). There is stack buffer overflow in json_parse_array() in mjs.c.","{""ROOTCAUSE"": ""nan"", ""WEAKNESS"": ""stack buffer overflow"", ""IMPACT"": ""nan"", ""VECTOR"": ""nan"", ""ATTACKER"": ""nan"", ""PRODUCT"": ""mjs (mJS: Restricted JavaScript engine)"", ""VERSION"": ""nan"", ""COMPONENT"": ""json_parse_array() in mjs.c""}"
"An issue was discovered in mjs (mJS: Restricted JavaScript engine), ES6 (JavaScript version 6). There is stack buffer overflow in mjs_execute() in mjs.c.","{""ROOTCAUSE"": ""nan"", ""WEAKNESS"": ""stack buffer overflow"", ""IMPACT"": ""nan"", ""VECTOR"": ""nan"", ""ATTACKER"": ""nan"", ""PRODUCT"": ""mjs (mJS: Restricted JavaScript engine)"", ""VERSION"": ""nan"", ""COMPONENT"": ""mjs_execute() in mjs.c""}"
"An issue was discovered in mjs(mJS: Restricted JavaScript engine), ES6 (JavaScript version 6). There is stack buffer overflow at 0x7fffe9049390.","{""ROOTCAUSE"": ""nan"", ""WEAKNESS"": ""stack buffer overflow"", ""IMPACT"": ""nan"", ""VECTOR"": ""nan"", ""ATTACKER"": ""nan"", ""PRODUCT"": ""mjs (mJS: Restricted JavaScript engine)"", ""VERSION"": ""nan"", ""COMPONENT"": ""nan""}"
"Multiple camera devices by UDP Technology, Geutebrück and other vendors are vulnerable to a stack-based buffer overflow condition in the counter parameter which may allow an attacker to remotely execute arbitrary code.","{""ROOTCAUSE"": ""nan"", ""WEAKNESS"": ""stack-based buffer overflow"", ""IMPACT"": ""remotely execute arbitrary code"", ""VECTOR"": ""nan"", ""ATTACKER"": ""nan"", ""PRODUCT"": ""Multiple camera devices by UDP Technology, Geutebr\\u00fcck and other vendors"", ""VERSION"": ""nan"", ""COMPONENT"": ""counter parameter""}"
"There is a heap overflow problem in video/SDL_pixels.c in SDL (Simple DirectMedia Layer) 2.x to 2.0.18 versions. By crafting a malicious .BMP file, an attacker can cause the application using this library to crash, denial of service or Code execution.","{""ROOTCAUSE"": ""nan"", ""WEAKNESS"": ""heap overflow"", ""IMPACT"": [""crash"", ""denial of service"", ""Code execution""], ""VECTOR"": ""crafting a malicious .BMP file"", ""ATTACKER"": ""nan"", ""PRODUCT"": ""SDL (Simple DirectMedia Layer)"", ""VERSION"": ""2.x to 2.0.18"", ""COMPONENT"": ""video/SDL_pixels.c""}"
"libspf2 before 1.2.11 has a four-byte heap-based buffer overflow that might allow remote attackers to execute arbitrary code (via an unauthenticated e-mail message from anywhere on the Internet) with a crafted SPF DNS record, because of incorrect sprintf usage in SPF_record_expand_data in spf_expand.c. The vulnerable code may be part of the supply chain of a site's e-mail infrastructure (e.g., with additional configuration, Exim can use libspf2; the Postfix web site links to unofficial patches for use of libspf2 with Postfix; older versions of spfquery relied on libspf2) but most often is not.","{""ROOTCAUSE"": ""incorrect sprintf usage"", ""WEAKNESS"": ""heap-based buffer overflow"", ""IMPACT"": ""execute arbitrary code"", ""VECTOR"": ""crafted SPF DNS record"", ""ATTACKER"": ""remote attackers"", ""PRODUCT"": ""libspf2"", ""VERSION"": ""before 1.2.11"", ""COMPONENT"": ""SPF_record_expand_data in spf_expand.c""}"
"libspf2 before 1.2.11 has a heap-based buffer overflow that might allow remote attackers to execute arbitrary code (via an unauthenticated e-mail message from anywhere on the Internet) with a crafted SPF DNS record, because of SPF_record_expand_data in spf_expand.c. The amount of overflowed data depends on the relationship between the length of an entire domain name and the length of its leftmost label. The vulnerable code may be part of the supply chain of a site's e-mail infrastructure (e.g., with additional configuration, Exim can use libspf2; the Postfix web site links to unofficial patches for use of libspf2 with Postfix; older versions of spfquery relied on libspf2) but most often is not.","{""ROOTCAUSE"": ""nan"", ""WEAKNESS"": ""heap-based buffer overflow"", ""IMPACT"": ""execute arbitrary code"", ""VECTOR"": ""crafted SPF DNS record"", ""ATTACKER"": ""remote attackers"", ""PRODUCT"": ""libspf2"", ""VERSION"": ""before 1.2.11"", ""COMPONENT"": ""SPF_record_expand_data in spf_expand.c""}"
"RICOH Printer series SP products 320DN, SP 325DNw, SP 320SN, SP 320SFN, SP 325SNw, SP 325SFNw, SP 330SN, Aficio SP 3500SF, SP 221S, SP 220SNw, SP 221SNw, SP 221SF, SP 220SFNw, SP 221SFNw v1.06 were discovered to contain a stack buffer overflow in the file /etc/wpa_supplicant.conf. This vulnerability allows attackers to cause a Denial of Service (DoS) via crafted overflow data.","{""ROOTCAUSE"": ""nan"", ""WEAKNESS"": ""stack buffer overflow"", ""IMPACT"": ""Denial of Service (DoS)"", ""VECTOR"": ""crafted overflow data"", ""ATTACKER"": ""nan"", ""PRODUCT"": ""RICOH Printer series SP"", ""VERSION"": ""v1.06"", ""COMPONENT"": ""file /etc/wpa_supplicant.conf""}"
"Stack based buffer overflow in le_ecred_conn_req(). Zephyr versions >= v2.5.0 Stack-based Buffer Overflow (CWE-121). For more information, see https://github.com/zephyrproject-rtos/zephyr/security/advisories/GHSA-8w87-6rfp-cfrm","{""ROOTCAUSE"": ""nan"", ""WEAKNESS"": ""Stack based buffer overflow"", ""IMPACT"": ""nan"", ""VECTOR"": ""nan"", ""ATTACKER"": ""nan"", ""PRODUCT"": ""Zephyr"", ""VERSION"": "">= v2.5.0"", ""COMPONENT"": ""le_ecred_conn_req()""}"
"Crafted web server requests may cause a heap-based buffer overflow and could therefore trigger a denial-of- service condition due to a crash in the CODESYS V2 web server prior to V1.1.9.22.","{""ROOTCAUSE"": ""nan"", ""WEAKNESS"": ""heap-based buffer overflow"", ""IMPACT"": ""denial-of-service condition due to a crash"", ""VECTOR"": ""Crafted web server requests"", ""ATTACKER"": ""nan"", ""PRODUCT"": ""CODESYS V2 web server"", ""VERSION"": ""prior to V1.1.9.22"", ""COMPONENT"": ""nan""}"
"This vulnerability allows remote attackers to execute arbitrary code on affected installations of Bentley View 10.15.0.75. User interaction is required to exploit this vulnerability in that the target must visit a malicious page or open a malicious file. The specific flaw exists within the processing of 3DS files. The issue results from the lack of proper validation of user-supplied data, which can result in a memory corruption condition. An attacker can leverage this vulnerability to execute code in the context of the current process. Was ZDI-CAN-14736.","{""ROOTCAUSE"": ""lack of proper validation of user-supplied data"", ""WEAKNESS"": ""memory corruption"", ""IMPACT"": ""execute arbitrary code"", ""VECTOR"": ""malicious page or file"", ""ATTACKER"": ""remote attackers"", ""PRODUCT"": ""Bentley View"", ""VERSION"": ""10.15.0.75"", ""COMPONENT"": ""processing of 3DS files""}"
"This vulnerability allows remote attackers to execute arbitrary code on affected installations of Bentley View 10.15.0.75. User interaction is required to exploit this vulnerability in that the target must visit a malicious page or open a malicious file. The specific flaw exists within the parsing of JT files. The issue results from the lack of proper validation of user-supplied data, which can result in a memory corruption condition. An attacker can leverage this vulnerability to execute code in the context of the current process. Was ZDI-CAN-14912.","{""ROOTCAUSE"": ""lack of proper validation of user-supplied data"", ""WEAKNESS"": ""memory corruption"", ""IMPACT"": ""execute arbitrary code"", ""VECTOR"": ""malicious page or file"", ""ATTACKER"": ""remote attackers"", ""PRODUCT"": ""Bentley View"", ""VERSION"": ""10.15.0.75"", ""COMPONENT"": ""parsing of JT files""}"
"This vulnerability allows local attackers to disclose sensitive information on affected installations of TeamViewer. An attacker must first obtain the ability to execute low-privileged code on the target system in order to exploit this vulnerability. The specific flaw exists within the TeamViewer service. The issue results from the lack of proper validation of user-supplied data, which can result in a read past the end of an allocated array. An attacker can leverage this in conjunction with other vulnerabilities to execute arbitrary code in the context of SYSTEM. Was ZDI-CAN-13818.","{""ROOTCAUSE"": ""lack of proper validation of user-supplied data"", ""WEAKNESS"": ""read past the end of an allocated array"", ""IMPACT"": ""disclose sensitive information"", ""VECTOR"": ""nan"", ""ATTACKER"": ""local attackers"", ""PRODUCT"": ""TeamViewer"", ""VERSION"": ""nan"", ""COMPONENT"": ""TeamViewer service""}"
"Possible hypervisor memory corruption due to TOC TOU race condition when updating address mappings in Snapdragon Auto, Snapdragon Compute, Snapdragon Connectivity, Snapdragon Industrial IOT, Snapdragon Mobile","{""ROOTCAUSE"": ""TOC TOU race condition when updating address mappings"", ""WEAKNESS"": ""nan"", ""IMPACT"": ""memory corruption"", ""VECTOR"": ""nan"", ""ATTACKER"": ""nan"", ""PRODUCT"": ""Snapdragon"", ""VERSION"": ""nan"", ""COMPONENT"": ""nan""}"
"Possible out of bounds read due to improper typecasting while handling page fault for global memory in Snapdragon Connectivity, Snapdragon Mobile","{""ROOTCAUSE"": ""improper typecasting while handling page fault for global memory"", ""WEAKNESS"": ""out of bounds read"", ""IMPACT"": ""nan"", ""VECTOR"": ""nan"", ""ATTACKER"": ""nan"", ""PRODUCT"": ""Snapdragon"", ""VERSION"": ""nan"", ""COMPONENT"": ""nan""}"
"Improper validation of session id in PCM routing process can lead to memory corruption in Snapdragon Auto, Snapdragon Compute, Snapdragon Connectivity, Snapdragon Consumer IOT, Snapdragon Industrial IOT, Snapdragon Mobile, Snapdragon Voice & Music, Snapdragon Wearables","{""ROOTCAUSE"": ""Improper validation of session id"", ""WEAKNESS"": ""nan"", ""IMPACT"": ""memory corruption"", ""VECTOR"": ""nan"", ""ATTACKER"": ""nan"", ""PRODUCT"": ""Snapdragon"", ""VERSION"": ""nan"", ""COMPONENT"": ""PCM routing process""}"
"Possible buffer overflow to improper validation of hash segment of file while allocating memory in Snapdragon Connectivity, Snapdragon Mobile","{""ROOTCAUSE"": ""improper validation of hash segment of file while allocating memory"", ""WEAKNESS"": ""buffer overflow"", ""IMPACT"": ""nan"", ""VECTOR"": ""nan"", ""ATTACKER"": ""nan"", ""PRODUCT"": ""Snapdragon"", ""VERSION"": ""nan"", ""COMPONENT"": ""nan""}"
"Improper handling between export and release functions on the same handle from client can lead to use after free in Snapdragon Compute, Snapdragon Connectivity, Snapdragon Industrial IOT, Snapdragon Mobile","{""ROOTCAUSE"": ""Improper handling between export and release functions on the same handle from client"", ""WEAKNESS"": ""use after free"", ""IMPACT"": ""nan"", ""VECTOR"": ""nan"", ""ATTACKER"": ""nan"", ""PRODUCT"": ""Snapdragon"", ""VERSION"": ""nan"", ""COMPONENT"": ""nan""}"
"An array index is improperly used to lock and unlock a mutex which can lead to a Use After Free condition In the Synx driver in Snapdragon Compute, Snapdragon Connectivity, Snapdragon Industrial IOT, Snapdragon Mobile","{""ROOTCAUSE"": ""improper validation of array index"", ""WEAKNESS"": ""Use After Free"", ""IMPACT"": ""nan"", ""VECTOR"": ""nan"", ""ATTACKER"": ""nan"", ""PRODUCT"": ""Snapdragon"", ""VERSION"": ""nan"", ""COMPONENT"": ""Synx driver""}"
"Out of bound write in DSP service due to improper bound check for response buffer size in Snapdragon Auto, Snapdragon Compute, Snapdragon Connectivity, Snapdragon Consumer IOT, Snapdragon Industrial IOT, Snapdragon Mobile, Snapdragon Wearables","{""ROOTCAUSE"": ""improper bound check for response buffer size"", ""WEAKNESS"": ""Out of bound write"", ""IMPACT"": ""nan"", ""VECTOR"": ""nan"", ""ATTACKER"": ""nan"", ""PRODUCT"": ""Snapdragon"", ""VERSION"": ""nan"", ""COMPONENT"": ""DSP service""}"
"Due to insufficient validation of ELF headers, an Incorrect Calculation of Buffer Size can occur in Boot leading to memory corruption in Snapdragon Connectivity, Snapdragon Industrial IOT, Snapdragon Mobile","{""ROOTCAUSE"": [""insufficient validation"", ""Incorrect Calculation of Buffer Size""], ""WEAKNESS"": """", ""IMPACT"": ""memory corruption"", ""VECTOR"": """", ""ATTACKER"": """", ""PRODUCT"": ""Snapdragon Connectivity Snapdragon Industrial IOT Snapdragon Mobile"", ""VERSION"": ""nan"", ""COMPONENT"": ""Boot""}"
